stage,start_index,random_state,objective,is_stage_best,carbon_thickness,carbon_roughness_fraction,lno_thickness,sto_thickness,superlattice_roughness,substrate_roughness,angle_offset
period_and_offset,0,12,0.000863906624733034,0.0,8.5,0.2,20.997238523460087,18.693024736929175,2.2,3.8,0.06499229403329831
period_and_offset,1,13,0.0006550419110881171,1.0,8.5,0.2,20.97292620126426,18.197738380570915,2.2,3.8,0.19432486919821235
surface,0,1012,0.0006166547944020247,1.0,9.410579731734918,0.91141435622385,20.97292620126426,18.197738380570915,2.2,3.8,0.19432486919821235
surface,1,1013,0.0006538432070531102,0.0,8.601851176073186,0.28161881186180254,20.97292620126426,18.197738380570915,2.2,3.8,0.19432486919821235
roughness,0,2012,0.0005549200584758314,1.0,9.410579731734918,0.91141435622385,20.97292620126426,18.197738380570915,2.6637208509514125,2.608559633929657,0.19432486919821235
roughness,1,2013,0.0005555519909979162,0.0,9.410579731734918,0.91141435622385,20.97292620126426,18.197738380570915,2.692135823635693,3.942217945587282,0.19432486919821235
final_all,0,3012,0.0005549200584758314,1.0,9.410579731734918,0.91141435622385,20.97292620126426,18.197738380570915,2.6637208509514125,2.608559633929657,0.19432486919821235
final_all,1,3013,0.0005549200584758314,0.0,9.410579731734918,0.91141435622385,20.97292620126426,18.197738380570915,2.6637208509514125,2.608559633929657,0.19432486919821235
