name,raw,weight,weighted
reflectivity,0.06815405600013728,0.061052445252516116,0.004160971772685299
C 1s,0.002660064207800501,0.5,0.0013300321039002505
Ni 3p,0.0007802882427340394,3.0,0.002340864728202118
La 4d,0.0001643831482070321,3.0,0.0004931494446210964
