name,raw,weight,weighted
reflectivity,0.03666487204133099,0.050318699999999994,0.0018449286967861214
C 1s,0.0011303806856753085,0.5,0.0005651903428376542
Ni 3p,0.00022214465440971014,3.0,0.0006664339632291305
La 4d,4.623913074723668e-05,3.0,0.00013871739224171004
