reference_reflectivity_weight,previous_common_objective,promoted_common_objective,improvement_percent
0.050318699999999994,0.003902542750209287,0.0032152703950946164,17.610886007022295
