stage,start_index,random_state,objective,is_stage_best,carbon_thickness,carbon_roughness,lno_thickness,sto_thickness,superlattice_roughness,substrate_roughness,angle_offset
period_and_angle,0,11,0.0034951370986426875,1.0,8.5,1.0,20.393406123750385,18.0,2.0,4.0,0.35
period_and_angle,1,12,0.008989331671809994,0.0,8.5,1.0,19.817988039371524,21.054458036874966,2.0,4.0,-0.1686706784271623
surface_carbon,0,1011,0.0028278496568004325,1.0,9.657174026666226,2.2566628557944535,20.393406123750385,18.0,2.0,4.0,0.3484835264620276
surface_carbon,1,1012,0.0031423008239533745,0.0,9.977988433807884,3.9686748739184443,20.393406123750385,18.0,2.0,4.0,0.3462260280699394
roughness,0,2011,0.0028278496568004325,0.0,9.657174026666226,2.2566628557944535,20.393406123750385,18.0,2.0,4.0,0.3484835264620276
roughness,1,2012,0.002608813627360984,1.0,9.657174026666226,2.2566628557944535,20.393406123750385,18.0,2.2210563052767798,4.939423145398173,0.34807712976179295
final_all,0,3011,0.002608813627360984,1.0,9.657174026666226,2.2566628557944535,20.393406123750385,18.0,2.2210563052767798,4.939423145398173,0.34807712976179295
final_all,1,3012,0.002608813627360984,0.0,9.657174026666226,2.2566628557944535,20.393406123750385,18.0,2.2210563052767798,4.939423145398173,0.34807712976179295
